INSERT INTO monro.text_template (key_value, text_value)
VALUES ('GREETING', 'Привет, я умный бот!'),
       ('GREETING_FOR_RETURNED', 'Привет, хорошо, что ты вернулся!');

INSERT INTO monro.customer (chat_member_id, user_name)
VALUES (1, 'default_user_1'),
       (2, 'default_user_2');

INSERT INTO monro.scale (size, volume, foot_length, foot_girth)
VALUES (35, 3, 22.5, 20.5),
       (36, 3, 23, 20.9),
       (37, 3, 24, 21.3),
       (38, 3, 24.5, 21.7),
       (39, 3, 25, 22),
       (40, 3, 26, 22.5),
       (41, 3, 26.5, 22.9),
       (42, 3, 27, 23.3),
       (35, 6, 22.5, 21.7),
       (36, 6, 23, 22.1),
       (37, 6, 24, 22.5),
       (38, 6, 24.5, 22.9),
       (39, 6, 25, 23.3),
       (40, 6, 26, 23.7),
       (41, 6, 26.5, 24.1),
       (42, 6, 27, 24.5),
       (35, 9, 22.5, 23.2),
       (36, 9, 23, 23.6),
       (37, 9, 24, 24),
       (38, 9, 24.6, 24.4),
       (39, 9, 25, 24.8),
       (40, 9, 26, 25.2),
       (41, 9, 26.5, 25.6),
       (42, 9, 27, 26);

INSERT INTO monro.season (name_val, localized_name)
VALUES ('Summer', 'Лето'),
       ('Winter', 'Зима'),
       ('Demi-season', 'Весна-осень');

INSERT INTO monro.shoes_model (name_val, localized_name)
VALUES ('high_boots', 'Сапоги'),
       ('shoes', 'Туфли'),
       ('boots', 'Ботинки'),
       ('slippers', 'Сланцы'),
       ('sneakers', 'Кроссовки'),
       ('ankle_boots', 'Полусапоги');

INSERT INTO monro.shoes (vendor_code, url, name, description, image_url, season_name, model_name)
VALUES ('P0520-20A-2',
        'https://www.monro.biz/nsk/product/?id=000000001000209920&gcode=%D0%97%D0%98%D0%9C%D0%90&vt=02&pg=4&gp=50&sr=1',
        'Bona Mente',
        'Материал верха: натуральная и искусственная кожа. Материал подкладки: натуральная шерсть, текстиль. Материал подошвы: ТЭП.',
        'https://www.monro.biz/foto/80.382134/QPHOTO_01.JPG', 'Winter', 'high_boots'),
       ('ZH415-CT101-9Q',
        'https://www.monro.biz/nsk/product/?id=000000001000218263&gcode=%D0%92%D0%95%D0%A1%D0%9D%D0%90/%D0%9E%D0%A1%D0%95%D0%9D%D0%AC&vt=02&pg=1&gp=50&sr=1',
        'Rita Bravuro',
        'Материал верха: искусственная кожа, натуральная кожа. Материал подкладки: ворсин. Материал подошвы: ТЭП.',
        'https://www.monro.biz/foto/80.405526/QPHOTO_01.JPG', 'Demi-season', 'high_boots'),
       ('ML23-1',
        'https://www.monro.biz/nsk/product/?id=000000001000217915&gcode=%D0%A2%D0%A3%D0%A4%D0%9B%D0%98&vt=02&pg=1&gp=50&sr=1',
        'Bona Mente',
        'Материал верха: искусственная кожа. Материал подкладки: искусственная кожа. Материал подошвы: полиуретан.',
        'https://www.monro.biz/foto/80.405122/QPHOTO_01.JPG', 'Summer', 'shoes'),
       ('6183-7A',
        'https://www.monro.biz/nsk/product/?id=000000001000217942&gcode=%D0%A2%D0%A3%D0%A4%D0%9B%D0%98&vt=02&pg=1&gp=50&sr=1',
        'Bona Mente', 'Материал верха: текстиль. Материал подкладки: искусственная кожа. Материал подошвы: ТЭП.',
        'https://www.monro.biz/foto/80.405142/QPHOTO_01.JPG', 'Summer', 'shoes'),
       ('MG511-1W',
        'https://www.monro.biz/nsk/product/?id=000000001000217527&gcode=%D0%97%D0%98%D0%9C%D0%90&vt=02&pg=1&gp=50&sr=1',
        'Rita Bravuro',
        'Материал верха: натуральная кожа. Материал подкладки: натуральная шерсть. Материал подошвы: резина.',
        'https://www.monro.biz/foto/80.400863/QPHOTO_01.JPG', 'Winter', 'boots'),
       ('23D026-9M',
        'https://www.monro.biz/nsk/product/?id=000000001000218343&gcode=%D0%92%D0%95%D0%A1%D0%9D%D0%90/%D0%9E%D0%A1%D0%95%D0%9D%D0%AC&vt=02&pg=1&gp=50&sr=1',
        'Rita Bravuro',
        'Материал верха: натуральная кожа. Материал подкладки: ворсин. Материал подошвы: резина.',
        'https://www.monro.biz/foto/80.405639/QPHOTO_01.JPG', 'Demi-season', 'boots'),
       ('27239',
        'https://www.monro.biz/nsk/product/?id=000000001000217937&gcode=%D0%A1%D0%9B%D0%90%D0%9D%D0%A6%D0%AB&vt=02&pg=1&gp=50&sr=1',
        'Timedev', 'Материал: ЭВА.', 'https://www.monro.biz/foto/80.404912/QPHOTO_01.JPG', 'Summer', 'slippers'),
       ('ЕК_17М40_2_4',
        'https://www.monro.biz/nsk/product/?id=000000001000203679&gcode=%D0%A1%D0%9B%D0%90%D0%9D%D0%A6%D0%AB&vt=02&pg=1&gp=50&sr=1',
        'Evashoes', 'Материал верха: ПВХ. Материал подошвы: ЭВА.', 'https://www.monro.biz/foto/80.371162/QPHOTO_01.JPG',
        'Summer', 'slippers'),
       ('A327',
        'https://www.monro.biz/nsk/product/?id=000000001000218151&gcode=%D0%9A%D0%A0%D0%9E%D0%A1%D0%A1%D0%9E%D0%92%D0%9A%D0%98&vt=02&pg=1&gp=50&sr=1',
        'Soter', 'Материал верха: искусственная кожа. Материал подкладки: текстиль. Материал подошвы: ПВХ.',
        'https://www.monro.biz/foto/80.405379/QPHOTO_01.JPG', 'Summer', 'sneakers'),
       ('YJ2302-12C3',
        'https://www.monro.biz/nsk/product/?id=000000001000218246&gcode=%D0%9A%D0%A0%D0%9E%D0%A1%D0%A1%D0%9E%D0%92%D0%9A%D0%98&vt=02&pg=1&gp=50&sr=1',
        'Soter', 'Материал верха: искусственная кожа. Материал подкладки: текстиль. Материал подошвы: ПВХ.',
        'https://www.monro.biz/foto/80.405517/QPHOTO_01.JPG', 'Summer', 'sneakers'),
       ('FS215',
        'https://www.monro.biz/nijniy/product/?id=000000001000215543&gcode=%D0%92%D0%95%D0%A1%D0%9D%D0%90/%D0%9E%D0%A1%D0%95%D0%9D%D0%AC&vt=02&pg=2&gp=50&sr=1',
        'Rita Bravuro', 'Материал верха: натуральная кожа. Материал подкладки: ворсин. Материал подошвы: ТЭП.',
        'https://www.monro.biz/foto/80.399486/QPHOTO_01.JPG', 'Demi-season', 'ankle_boots'),
       ('9318-2B',
        'https://www.monro.biz/nijniy/product/?id=000000001000217247&gcode=%D0%97%D0%98%D0%9C%D0%90&vt=02&pg=1&gp=50&sr=1',
        'Rita Bravuro',
        'Материал верха: натуральная кожа. Материал подкладки: натуральная шерсть. Материал подошвы: ТЭП.',
        'https://www.monro.biz/foto/80.399837/QPHOTO_01.JPG', 'Winter', 'ankle_boots');

INSERT INTO monro.shoes_scales(shoes_id, size, volume)
VALUES (102, 35, 3),
       (102, 36, 3),
       (102, 37, 3),
       (102, 38, 3),
       (102, 39, 3),
       (102, 40, 3),
       (102, 41, 3),
       (102, 42, 3),
       (103, 35, 3),
       (103, 36, 3),
       (103, 37, 3),
       (103, 38, 3),
       (103, 39, 3),
       (103, 40, 3),
       (103, 41, 3),
       (103, 42, 3),
       (104, 35, 3),
       (104, 36, 3),
       (104, 37, 3),
       (104, 38, 3),
       (104, 39, 3),
       (104, 40, 3),
       (104, 41, 3),
       (104, 42, 3),
       (105, 35, 3),
       (105, 36, 3),
       (105, 37, 3),
       (105, 38, 3),
       (105, 39, 3),
       (105, 40, 3),
       (105, 41, 3),
       (105, 42, 3),
       (106, 35, 6),
       (106, 36, 6),
       (106, 37, 6),
       (106, 38, 6),
       (106, 39, 6),
       (106, 40, 6),
       (106, 41, 6),
       (106, 42, 6),
       (107, 35, 6),
       (107, 36, 6),
       (107, 37, 6),
       (107, 38, 6),
       (107, 39, 6),
       (107, 40, 6),
       (107, 41, 6),
       (107, 42, 6),
       (108, 35, 6),
       (108, 36, 6),
       (108, 37, 6),
       (108, 38, 6),
       (108, 39, 6),
       (108, 40, 6),
       (108, 41, 6),
       (108, 42, 6),
       (109, 35, 6),
       (109, 36, 6),
       (109, 37, 6),
       (109, 38, 6),
       (109, 39, 6),
       (109, 40, 6),
       (109, 41, 6),
       (109, 42, 6),
       (110, 35, 9),
       (110, 36, 9),
       (110, 37, 9),
       (110, 38, 9),
       (110, 39, 9),
       (110, 40, 9),
       (110, 41, 9),
       (110, 42, 9),
       (111, 35, 9),
       (111, 36, 9),
       (111, 37, 9),
       (111, 38, 9),
       (111, 39, 9),
       (111, 40, 9),
       (111, 41, 9),
       (111, 42, 9),
       (112, 35, 9),
       (112, 36, 9),
       (112, 37, 9),
       (112, 38, 9),
       (112, 39, 9),
       (112, 40, 9),
       (112, 41, 9),
       (112, 42, 9),
       (113, 35, 9),
       (113, 36, 9),
       (113, 37, 9),
       (113, 38, 9),
       (113, 39, 9),
       (113, 40, 9),
       (113, 41, 9),
       (113, 42, 9);
