INSERT INTO text_template (key_value, text_value)
VALUES ('GREETING', 'Привет, я умный бот!'),
       ('GREETING_FOR_RETURNED', 'Привет, хорошо, что ты вернулся!');

INSERT INTO customer (chat_member_id, user_name)
VALUES (1, 'default_user_1'),
       (2, 'default_user_2');

INSERT INTO scale (size, volume, foot_length, foot_girth)
VALUES (35, 3, 22.5, 20.5),
       (36, 3, 23, 20.9),
       (37, 3, 24, 21.3),
       (38, 3, 24.5, 21.7),
       (39, 3, 25, 22),
       (40, 3, 26, 22.5),
       (41, 3, 26.5, 22.9),
       (42, 3, 27, 23.3),
       (35, 6, 22.5, 21.7),
       (36, 6, 23, 22.1),
       (37, 6, 24, 22.5),
       (38, 6, 24.5, 22.9),
       (39, 6, 25, 23.3),
       (40, 6, 26, 23.7),
       (41, 6, 26.5, 24.1),
       (42, 6, 27, 24.5),
       (35, 9, 22.5, 23.2),
       (36, 9, 23, 23.6),
       (37, 9, 24, 24),
       (38, 9, 24.6, 24.4),
       (39, 9, 25, 24.8),
       (40, 9, 26, 25.2),
       (41, 9, 26.5, 25.6),
       (42, 9, 27, 26);

INSERT INTO season (name_val, localized_name)
VALUES ('Summer', 'Лето'),
       ('Winter', 'Зима'),
       ('Demi-season', 'Весна-осень');

INSERT INTO shoes_model (name_val, localized_name)
VALUES ('high_boots', 'Сапоги'),
       ('shoes', 'Туфли'),
       ('boots', 'Ботинки'),
       ('slippers', 'Сланцы'),
       ('sneakers', 'Кроссовки'),
       ('ankle_boots', 'Полусапоги');

INSERT INTO shoes (vendor_code, url, name, description, image_url, season_name, model_name)
VALUES ('P0520-20A-2',
        'https://www.monro.biz/nsk/product/?id=000000001000209920&gcode=%D0%97%D0%98%D0%9C%D0%90&vt=02&pg=4&gp=50&sr=1',
        'Bona Mente',
        'Материал верха: натуральная и искусственная кожа. Материал подкладки: натуральная шерсть, текстиль. Материал подошвы: ТЭП.',
        'https://www.monro.biz/foto/80.382134/QPHOTO_01.JPG', 'Winter', 'high_boots'),
       ('ZH415-CT101-9Q',
        'https://www.monro.biz/nsk/product/?id=000000001000218263&gcode=%D0%92%D0%95%D0%A1%D0%9D%D0%90/%D0%9E%D0%A1%D0%95%D0%9D%D0%AC&vt=02&pg=1&gp=50&sr=1',
        'Rita Bravuro',
        'Материал верха: искусственная кожа, натуральная кожа. Материал подкладки: ворсин. Материал подошвы: ТЭП.',
        'https://www.monro.biz/foto/80.405526/QPHOTO_01.JPG', 'Demi-season', 'high_boots'),
       ('ML23-1',
        'https://www.monro.biz/nsk/product/?id=000000001000217915&gcode=%D0%A2%D0%A3%D0%A4%D0%9B%D0%98&vt=02&pg=1&gp=50&sr=1',
        'Bona Mente',
        'Материал верха: искусственная кожа. Материал подкладки: искусственная кожа. Материал подошвы: полиуретан.',
        'https://www.monro.biz/foto/80.405122/QPHOTO_01.JPG', 'Summer', 'shoes'),
       ('6183-7A',
        'https://www.monro.biz/nsk/product/?id=000000001000217942&gcode=%D0%A2%D0%A3%D0%A4%D0%9B%D0%98&vt=02&pg=1&gp=50&sr=1',
        'Bona Mente', 'Материал верха: текстиль. Материал подкладки: искусственная кожа. Материал подошвы: ТЭП.',
        'https://www.monro.biz/foto/80.405142/QPHOTO_01.JPG', 'Summer', 'shoes'),
       ('MG511-1W',
        'https://www.monro.biz/nsk/product/?id=000000001000217527&gcode=%D0%97%D0%98%D0%9C%D0%90&vt=02&pg=1&gp=50&sr=1',
        'Rita Bravuro',
        'Материал верха: натуральная кожа. Материал подкладки: натуральная шерсть. Материал подошвы: резина.',
        'https://www.monro.biz/foto/80.400863/QPHOTO_01.JPG', 'Winter', 'boots'),
       ('23D026-9M',
        'https://www.monro.biz/nsk/product/?id=000000001000218343&gcode=%D0%92%D0%95%D0%A1%D0%9D%D0%90/%D0%9E%D0%A1%D0%95%D0%9D%D0%AC&vt=02&pg=1&gp=50&sr=1',
        'Rita Bravuro',
        'Материал верха: натуральная кожа. Материал подкладки: ворсин. Материал подошвы: резина.',
        'https://www.monro.biz/foto/80.405639/QPHOTO_01.JPG', 'Demi-season', 'boots'),
       ('27239',
        'https://www.monro.biz/nsk/product/?id=000000001000217937&gcode=%D0%A1%D0%9B%D0%90%D0%9D%D0%A6%D0%AB&vt=02&pg=1&gp=50&sr=1',
        'Timedev', 'Материал: ЭВА.', 'https://www.monro.biz/foto/80.404912/QPHOTO_01.JPG', 'Summer', 'slippers'),
       ('ЕК-17М40/2-4_МИЛАНА_СОФТЛАЙТ/П',
        'https://www.monro.biz/nsk/product/?id=000000001000203679&gcode=%D0%A1%D0%9B%D0%90%D0%9D%D0%A6%D0%AB&vt=02&pg=1&gp=50&sr=1',
        'Evashoes', 'Материал верха: ПВХ. Материал подошвы: ЭВА.', 'https://www.monro.biz/foto/80.371162/QPHOTO_01.JPG',
        'Summer', 'slippers'),
       ('A327',
        'https://www.monro.biz/nsk/product/?id=000000001000218151&gcode=%D0%9A%D0%A0%D0%9E%D0%A1%D0%A1%D0%9E%D0%92%D0%9A%D0%98&vt=02&pg=1&gp=50&sr=1',
        'Soter', 'Материал верха: искусственная кожа. Материал подкладки: текстиль. Материал подошвы: ПВХ.',
        'https://www.monro.biz/foto/80.405379/QPHOTO_01.JPG', 'Summer', 'sneakers'),
       ('YJ2302-12C3',
        'https://www.monro.biz/nsk/product/?id=000000001000218246&gcode=%D0%9A%D0%A0%D0%9E%D0%A1%D0%A1%D0%9E%D0%92%D0%9A%D0%98&vt=02&pg=1&gp=50&sr=1',
        'Soter', 'Материал верха: искусственная кожа. Материал подкладки: текстиль. Материал подошвы: ПВХ.',
        'https://www.monro.biz/foto/80.405517/QPHOTO_01.JPG', 'Summer', 'sneakers'),
       ('FS215',
        'https://www.monro.biz/nijniy/product/?id=000000001000215543&gcode=%D0%92%D0%95%D0%A1%D0%9D%D0%90/%D0%9E%D0%A1%D0%95%D0%9D%D0%AC&vt=02&pg=2&gp=50&sr=1',
        'Rita Bravuro', 'Материал верха: натуральная кожа. Материал подкладки: ворсин. Материал подошвы: ТЭП.',
        'https://www.monro.biz/foto/80.399486/QPHOTO_01.JPG', 'Demi-season', 'ankle_boots'),
       ('9318-2B',
        'https://www.monro.biz/nijniy/product/?id=000000001000217247&gcode=%D0%97%D0%98%D0%9C%D0%90&vt=02&pg=1&gp=50&sr=1',
        'Rita Bravuro',
        'Материал верха: натуральная кожа. Материал подкладки: натуральная шерсть. Материал подошвы: ТЭП.',
        'https://www.monro.biz/foto/80.399837/QPHOTO_01.JPG', 'Winter', 'ankle_boots');

INSERT INTO shoes_scales(shoes_vendor_code, size, volume)
VALUES ('P0520-20A-2', 35, 3),
       ('P0520-20A-2', 36, 3),
       ('P0520-20A-2', 37, 3),
       ('P0520-20A-2', 38, 3),
       ('P0520-20A-2', 39, 3),
       ('P0520-20A-2', 40, 3),
       ('P0520-20A-2', 41, 3),
       ('P0520-20A-2', 42, 3),
       ('ZH415-CT101-9Q', 35, 3),
       ('ZH415-CT101-9Q', 36, 3),
       ('ZH415-CT101-9Q', 37, 3),
       ('ZH415-CT101-9Q', 38, 3),
       ('ZH415-CT101-9Q', 39, 3),
       ('ZH415-CT101-9Q', 40, 3),
       ('ZH415-CT101-9Q', 41, 3),
       ('ZH415-CT101-9Q', 42, 3),
       ('ML23-1', 35, 3),
       ('ML23-1', 36, 3),
       ('ML23-1', 37, 3),
       ('ML23-1', 38, 3),
       ('ML23-1', 39, 3),
       ('ML23-1', 40, 3),
       ('ML23-1', 41, 3),
       ('ML23-1', 42, 3),
       ('6183-7A', 35, 3),
       ('6183-7A', 36, 3),
       ('6183-7A', 37, 3),
       ('6183-7A', 38, 3),
       ('6183-7A', 39, 3),
       ('6183-7A', 40, 3),
       ('6183-7A', 41, 3),
       ('6183-7A', 42, 3),
       ('MG511-1W', 35, 6),
       ('MG511-1W', 36, 6),
       ('MG511-1W', 37, 6),
       ('MG511-1W', 38, 6),
       ('MG511-1W', 39, 6),
       ('MG511-1W', 40, 6),
       ('MG511-1W', 41, 6),
       ('MG511-1W', 42, 6),
       ('23D026-9M', 35, 6),
       ('23D026-9M', 36, 6),
       ('23D026-9M', 37, 6),
       ('23D026-9M', 38, 6),
       ('23D026-9M', 39, 6),
       ('23D026-9M', 40, 6),
       ('23D026-9M', 41, 6),
       ('23D026-9M', 42, 6),
       ('27239', 35, 6),
       ('27239', 36, 6),
       ('27239', 37, 6),
       ('27239', 38, 6),
       ('27239', 39, 6),
       ('27239', 40, 6),
       ('27239', 41, 6),
       ('27239', 42, 6),
       ('ЕК-17М40/2-4_МИЛАНА_СОФТЛАЙТ/П', 35, 6),
       ('ЕК-17М40/2-4_МИЛАНА_СОФТЛАЙТ/П', 36, 6),
       ('ЕК-17М40/2-4_МИЛАНА_СОФТЛАЙТ/П', 37, 6),
       ('ЕК-17М40/2-4_МИЛАНА_СОФТЛАЙТ/П', 38, 6),
       ('ЕК-17М40/2-4_МИЛАНА_СОФТЛАЙТ/П', 39, 6),
       ('ЕК-17М40/2-4_МИЛАНА_СОФТЛАЙТ/П', 40, 6),
       ('ЕК-17М40/2-4_МИЛАНА_СОФТЛАЙТ/П', 41, 6),
       ('ЕК-17М40/2-4_МИЛАНА_СОФТЛАЙТ/П', 42, 6),
       ('A327', 35, 9),
       ('A327', 36, 9),
       ('A327', 37, 9),
       ('A327', 38, 9),
       ('A327', 39, 9),
       ('A327', 40, 9),
       ('A327', 41, 9),
       ('A327', 42, 9),
       ('YJ2302-12C3', 35, 9),
       ('YJ2302-12C3', 36, 9),
       ('YJ2302-12C3', 37, 9),
       ('YJ2302-12C3', 38, 9),
       ('YJ2302-12C3', 39, 9),
       ('YJ2302-12C3', 40, 9),
       ('YJ2302-12C3', 41, 9),
       ('YJ2302-12C3', 42, 9),
       ('FS215', 35, 9),
       ('FS215', 36, 9),
       ('FS215', 37, 9),
       ('FS215', 38, 9),
       ('FS215', 39, 9),
       ('FS215', 40, 9),
       ('FS215', 41, 9),
       ('FS215', 42, 9),
       ('9318-2B', 35, 9),
       ('9318-2B', 36, 9),
       ('9318-2B', 37, 9),
       ('9318-2B', 38, 9),
       ('9318-2B', 39, 9),
       ('9318-2B', 40, 9),
       ('9318-2B', 41, 9),
       ('9318-2B', 42, 9);
